<?xml version="1.0" encoding="utf-8"?>
<!DOCTYPE hibernate-mapping PUBLIC "-//Hibernate/Hibernate Mapping DTD 3.0//EN"
"http://www.hibernate.org/dtd/hibernate-mapping-3.0.dtd">
<!-- 
    Mapping file autogenerated by MyEclipse Persistence Tools
-->
<hibernate-mapping>
    <class name="com.demo.model.Good" table="good" catalog="233">
        <composite-id name="id" class="com.demo.model.GoodId">
            <key-property name="id" type="java.lang.Integer">
                <column name="id" />
            </key-property>
            <key-property name="inPrice" type="java.lang.Integer">
                <column name="`in price`" />
            </key-property>
            <key-property name="outPrice" type="java.lang.Integer">
                <column name="`out price`" />
            </key-property>
        </composite-id>
        <one-to-one name="num" class="com.demo.model.Num"></one-to-one>
        <property name="goods" type="java.lang.String">
            <column name="goods" not-null="true" />
        </property>
    </class>
</hibernate-mapping>
