<?xml version="1.0" encoding="utf-8"?>
<!DOCTYPE hibernate-mapping PUBLIC "-//Hibernate/Hibernate Mapping DTD 3.0//EN"
"http://www.hibernate.org/dtd/hibernate-mapping-3.0.dtd">
<!-- 
    Mapping file autogenerated by MyEclipse Persistence Tools
-->
<hibernate-mapping>
    <class name="com.demo.model.Num" table="num" catalog="233">
        <composite-id name="id" class="com.demo.model.NumId">
            <key-property name="inNum" type="java.lang.Integer">
                <column name="`in num`" />
            </key-property>
            <key-property name="outNum" type="java.lang.Integer">
                <column name="`out num`" />
            </key-property>
        </composite-id>
        <property name="goods" type="java.lang.String">
            <column name="goods" not-null="true" />
        </property>
        <property name="number" type="java.lang.Integer">
            <column name="number" not-null="true" unique="true" />
        </property>
        <one-to-one name="good" class="com.demo.model.Good"></one-to-one>
    </class>
</hibernate-mapping>
